ChunkID, Package Name, Class Type, Hard or Soft Chunk, File Size, Other Chunks
0,/6ga_training/150px-6th_Guards_Armoured_Brigade_svg,Texture2D,Soft From Unassigned Package? Best Guess: /6ga_training/Heelsum_6ga_training->/6ga_training/150px-6th_Guards_Armoured_Brigade_svg,127070,None
0,/6ga_training/assault/BP_training_assault_target,Blueprint,Soft From Unassigned Package? Best Guess: /6ga_training/assault/BP_training_assault_target,40378,None
0,/6ga_training/assault/BP_training_assault_target,BlueprintGeneratedClass,Soft From Unassigned Package? Best Guess: /6ga_training/assault/BP_training_assault_target,40378,None
0,/6ga_training/bct,Texture2D,Soft From Unassigned Package? Best Guess: /6ga_training/Heelsum_6ga_training->/6ga_training/bct,3687394,None
0,/6ga_training/BCT/bounding/bounding_spawn_action,Blueprint,Soft From Unassigned Package? Best Guess: /6ga_training/Heelsum_6ga_training->/6ga_training/BCT/bounding/BP_bounding_spawn->/6ga_training/BCT/bounding/BP_boundingSpawnRadial->/6ga_training/BCT/bounding/boundingSpawnActionModel->/6ga_training/BCT/bounding/bounding_spawn_action,5121,None
0,/6ga_training/BCT/bounding/bounding_spawn_action,BlueprintGeneratedClass,Soft From Unassigned Package? Best Guess: /6ga_training/Heelsum_6ga_training->/6ga_training/BCT/bounding/BP_bounding_spawn->/6ga_training/BCT/bounding/BP_boundingSpawnRadial->/6ga_training/BCT/bounding/boundingSpawnActionModel->/6ga_training/BCT/bounding/bounding_spawn_action,5121,None
0,/6ga_training/BCT/bounding/boundingSpawnActionModel,Blueprint,Soft From Unassigned Package? Best Guess: /6ga_training/Heelsum_6ga_training->/6ga_training/BCT/bounding/BP_bounding_spawn->/6ga_training/BCT/bounding/BP_boundingSpawnRadial->/6ga_training/BCT/bounding/boundingSpawnActionModel,2284,None
0,/6ga_training/BCT/bounding/boundingSpawnActionModel,BlueprintGeneratedClass,Soft From Unassigned Package? Best Guess: /6ga_training/Heelsum_6ga_training->/6ga_training/BCT/bounding/BP_bounding_spawn->/6ga_training/BCT/bounding/BP_boundingSpawnRadial->/6ga_training/BCT/bounding/boundingSpawnActionModel,2284,None
0,/6ga_training/BCT/bounding/BP_Ambient_MG_bounding,Blueprint,Soft From Unassigned Package? Best Guess: /6ga_training/BCT/bounding/BP_boundingSpawnRadial->/6ga_training/BCT/bounding/boundingSpawnActionModel->/6ga_training/BCT/bounding/bounding_spawn_action->/6ga_training/BCT/bounding/BP_bounding_spawn->/6ga_training/BCT/bounding/BP_Ambient_MG_bounding,28126,None
0,/6ga_training/BCT/bounding/BP_Ambient_MG_bounding,BlueprintGeneratedClass,Soft From Unassigned Package? Best Guess: /6ga_training/BCT/bounding/BP_boundingSpawnRadial->/6ga_training/BCT/bounding/boundingSpawnActionModel->/6ga_training/BCT/bounding/bounding_spawn_action->/6ga_training/BCT/bounding/BP_bounding_spawn->/6ga_training/BCT/bounding/BP_Ambient_MG_bounding,28126,None
0,/6ga_training/BCT/bounding/BP_bounding_spawn,Blueprint,Soft From Unassigned Package? Best Guess: /6ga_training/BCT/bounding/BP_boundingSpawnRadial->/6ga_training/BCT/bounding/boundingSpawnActionModel->/6ga_training/BCT/bounding/bounding_spawn_action->/6ga_training/BCT/bounding/BP_bounding_spawn,23745,None
0,/6ga_training/BCT/bounding/BP_bounding_spawn,BlueprintGeneratedClass,Soft From Unassigned Package? Best Guess: /6ga_training/BCT/bounding/BP_boundingSpawnRadial->/6ga_training/BCT/bounding/boundingSpawnActionModel->/6ga_training/BCT/bounding/bounding_spawn_action->/6ga_training/BCT/bounding/BP_bounding_spawn,23745,None
0,/6ga_training/BCT/bounding/BP_boundingSpawnRadial,Blueprint,Soft From Unassigned Package? Best Guess: /6ga_training/BCT/bounding/boundingSpawnActionModel->/6ga_training/BCT/bounding/bounding_spawn_action->/6ga_training/BCT/bounding/BP_bounding_spawn->/6ga_training/BCT/bounding/BP_boundingSpawnRadial,1511,None
0,/6ga_training/BCT/bounding/BP_boundingSpawnRadial,BlueprintGeneratedClass,Soft From Unassigned Package? Best Guess: /6ga_training/BCT/bounding/boundingSpawnActionModel->/6ga_training/BCT/bounding/bounding_spawn_action->/6ga_training/BCT/bounding/BP_bounding_spawn->/6ga_training/BCT/bounding/BP_boundingSpawnRadial,1511,None
0,/6ga_training/BCT/spotting/BP_spotting_spawn,Blueprint,Soft From Unassigned Package? Best Guess: /6ga_training/BCT/spotting/BP_SpottingSpawnRadial->/6ga_training/BCT/spotting/SpottingSpawnActionModel->/6ga_training/BCT/spotting/Spotting_spawn_action->/6ga_training/BCT/spotting/BP_spotting_spawn,32332,None
0,/6ga_training/BCT/spotting/BP_spotting_spawn,BlueprintGeneratedClass,Soft From Unassigned Package? Best Guess: /6ga_training/BCT/spotting/BP_SpottingSpawnRadial->/6ga_training/BCT/spotting/SpottingSpawnActionModel->/6ga_training/BCT/spotting/Spotting_spawn_action->/6ga_training/BCT/spotting/BP_spotting_spawn,32332,None
0,/6ga_training/BCT/spotting/BP_SpottingSpawnRadial,Blueprint,Soft From Unassigned Package? Best Guess: /6ga_training/BCT/spotting/SpottingSpawnActionModel->/6ga_training/BCT/spotting/Spotting_spawn_action->/6ga_training/BCT/spotting/BP_spotting_spawn->/6ga_training/BCT/spotting/BP_SpottingSpawnRadial,1511,None
0,/6ga_training/BCT/spotting/BP_SpottingSpawnRadial,BlueprintGeneratedClass,Soft From Unassigned Package? Best Guess: /6ga_training/BCT/spotting/SpottingSpawnActionModel->/6ga_training/BCT/spotting/Spotting_spawn_action->/6ga_training/BCT/spotting/BP_spotting_spawn->/6ga_training/BCT/spotting/BP_SpottingSpawnRadial,1511,None
0,/6ga_training/BCT/spotting/Spotting_spawn_action,Blueprint,Soft From Unassigned Package? Best Guess: /6ga_training/Heelsum_6ga_training->/6ga_training/BCT/spotting/BP_spotting_spawn->/6ga_training/BCT/spotting/BP_SpottingSpawnRadial->/6ga_training/BCT/spotting/SpottingSpawnActionModel->/6ga_training/BCT/spotting/Spotting_spawn_action,5405,None
0,/6ga_training/BCT/spotting/Spotting_spawn_action,BlueprintGeneratedClass,Soft From Unassigned Package? Best Guess: /6ga_training/Heelsum_6ga_training->/6ga_training/BCT/spotting/BP_spotting_spawn->/6ga_training/BCT/spotting/BP_SpottingSpawnRadial->/6ga_training/BCT/spotting/SpottingSpawnActionModel->/6ga_training/BCT/spotting/Spotting_spawn_action,5405,None
0,/6ga_training/BCT/spotting/SpottingSpawnActionModel,Blueprint,Soft From Unassigned Package? Best Guess: /6ga_training/Heelsum_6ga_training->/6ga_training/BCT/spotting/BP_spotting_spawn->/6ga_training/BCT/spotting/BP_SpottingSpawnRadial->/6ga_training/BCT/spotting/SpottingSpawnActionModel,2284,None
0,/6ga_training/BCT/spotting/SpottingSpawnActionModel,BlueprintGeneratedClass,Soft From Unassigned Package? Best Guess: /6ga_training/Heelsum_6ga_training->/6ga_training/BCT/spotting/BP_spotting_spawn->/6ga_training/BCT/spotting/BP_SpottingSpawnRadial->/6ga_training/BCT/spotting/SpottingSpawnActionModel,2284,None
0,/6ga_training/BP_PS_HUD_Child,Blueprint,Soft From Unassigned Package? Best Guess: /6ga_training/BP_PS_HUD_Child,4507,None
0,/6ga_training/BP_PS_HUD_Child,BlueprintGeneratedClass,Soft From Unassigned Package? Best Guess: /6ga_training/BP_PS_HUD_Child,4507,None
0,/6ga_training/BP_StationSign,Blueprint,Soft From Unassigned Package? Best Guess: /6ga_training/BP_StationSign,6252,None
0,/6ga_training/BP_StationSign,BlueprintGeneratedClass,Soft From Unassigned Package? Best Guess: /6ga_training/BP_StationSign,6252,None
0,/6ga_training/coverSim/cover_sim_BP,Blueprint,Soft From Unassigned Package? Best Guess: /6ga_training/coverSim/cover_sim_BP,15191,None
0,/6ga_training/coverSim/cover_sim_BP,BlueprintGeneratedClass,Soft From Unassigned Package? Best Guess: /6ga_training/coverSim/cover_sim_BP,15191,None
0,/6ga_training/CQB/BP_CQBSpawnRadial,Blueprint,Soft From Unassigned Package? Best Guess: /6ga_training/CQB/CQBSpawnActionModel->/6ga_training/CQB/CQB_spawn_action->/6ga_training/CQB/CQB_spawn_BP->/6ga_training/CQB/BP_CQBSpawnRadial,1548,None
0,/6ga_training/CQB/BP_CQBSpawnRadial,BlueprintGeneratedClass,Soft From Unassigned Package? Best Guess: /6ga_training/CQB/CQBSpawnActionModel->/6ga_training/CQB/CQB_spawn_action->/6ga_training/CQB/CQB_spawn_BP->/6ga_training/CQB/BP_CQBSpawnRadial,1548,None
0,/6ga_training/CQB/BP_PopUp_Target_2_CQB,Blueprint,Soft From Unassigned Package? Best Guess: /6ga_training/CQB/BP_CQBSpawnRadial->/6ga_training/CQB/CQBSpawnActionModel->/6ga_training/CQB/CQB_spawn_action->/6ga_training/CQB/CQB_spawn_BP->/6ga_training/CQB/BP_PopUp_Target_2_CQB,19115,None
0,/6ga_training/CQB/BP_PopUp_Target_2_CQB,BlueprintGeneratedClass,Soft From Unassigned Package? Best Guess: /6ga_training/CQB/BP_CQBSpawnRadial->/6ga_training/CQB/CQBSpawnActionModel->/6ga_training/CQB/CQB_spawn_action->/6ga_training/CQB/CQB_spawn_BP->/6ga_training/CQB/BP_PopUp_Target_2_CQB,19115,None
0,/6ga_training/CQB/BP_PopUp_Target_CQB,Blueprint,Soft From Unassigned Package? Best Guess: /6ga_training/CQB/BP_CQBSpawnRadial->/6ga_training/CQB/CQBSpawnActionModel->/6ga_training/CQB/CQB_spawn_action->/6ga_training/CQB/CQB_spawn_BP->/6ga_training/CQB/BP_PopUp_Target_CQB,19114,None
0,/6ga_training/CQB/BP_PopUp_Target_CQB,BlueprintGeneratedClass,Soft From Unassigned Package? Best Guess: /6ga_training/CQB/BP_CQBSpawnRadial->/6ga_training/CQB/CQBSpawnActionModel->/6ga_training/CQB/CQB_spawn_action->/6ga_training/CQB/CQB_spawn_BP->/6ga_training/CQB/BP_PopUp_Target_CQB,19114,None
0,/6ga_training/CQB/CQB_spawn_action,Blueprint,Soft From Unassigned Package? Best Guess: /6ga_training/Heelsum_6ga_training->/6ga_training/CQB/CQB_spawn_BP->/6ga_training/CQB/BP_CQBSpawnRadial->/6ga_training/CQB/CQBSpawnActionModel->/6ga_training/CQB/CQB_spawn_action,5833,None
0,/6ga_training/CQB/CQB_spawn_action,BlueprintGeneratedClass,Soft From Unassigned Package? Best Guess: /6ga_training/Heelsum_6ga_training->/6ga_training/CQB/CQB_spawn_BP->/6ga_training/CQB/BP_CQBSpawnRadial->/6ga_training/CQB/CQBSpawnActionModel->/6ga_training/CQB/CQB_spawn_action,5833,None
0,/6ga_training/CQB/CQB_spawn_BP,Blueprint,Soft From Unassigned Package? Best Guess: /6ga_training/CQB/BP_CQBSpawnRadial->/6ga_training/CQB/CQBSpawnActionModel->/6ga_training/CQB/CQB_spawn_action->/6ga_training/CQB/CQB_spawn_BP,41772,None
0,/6ga_training/CQB/CQB_spawn_BP,BlueprintGeneratedClass,Soft From Unassigned Package? Best Guess: /6ga_training/CQB/BP_CQBSpawnRadial->/6ga_training/CQB/CQBSpawnActionModel->/6ga_training/CQB/CQB_spawn_action->/6ga_training/CQB/CQB_spawn_BP,41772,None
0,/6ga_training/CQB/CQBSpawnActionModel,Blueprint,Soft From Unassigned Package? Best Guess: /6ga_training/Heelsum_6ga_training->/6ga_training/CQB/CQB_spawn_BP->/6ga_training/CQB/BP_CQBSpawnRadial->/6ga_training/CQB/CQBSpawnActionModel,2084,None
0,/6ga_training/CQB/CQBSpawnActionModel,BlueprintGeneratedClass,Soft From Unassigned Package? Best Guess: /6ga_training/Heelsum_6ga_training->/6ga_training/CQB/CQB_spawn_BP->/6ga_training/CQB/BP_CQBSpawnRadial->/6ga_training/CQB/CQBSpawnActionModel,2084,None
0,/6ga_training/Grenade1,TextureRenderTarget2D,Soft From Unassigned Package? Best Guess: /6ga_training/Grenade1_Mat->/6ga_training/Grenade1,732,None
0,/6ga_training/Grenade1_2,TextureRenderTarget2D,Soft From Unassigned Package? Best Guess: /6ga_training/Heelsum_6ga_training->/6ga_training/Grenade1_2,732,None
0,/6ga_training/Grenade1_2_Mat,Material,Soft From Unassigned Package? Best Guess: /6ga_training/Heelsum_6ga_training->/6ga_training/Grenade1_2_Mat,9684,None
0,/6ga_training/Grenade1_Mat,Material,Soft From Unassigned Package? Best Guess: /6ga_training/Heelsum_6ga_training->/6ga_training/Grenade1_Mat,17317,None
0,/6ga_training/Heelsum_6ga_training,World,Soft From Unassigned Package? Best Guess: /6ga_training/Heelsum_6ga_training,842139,None
0,/6ga_training/Heelsum_6ga_training,BlueprintGeneratedClass,Soft From Unassigned Package? Best Guess: /6ga_training/Heelsum_6ga_training,842139,None
0,/6ga_training/marksman,Texture2D,Soft From Unassigned Package? Best Guess: /6ga_training/Heelsum_6ga_training->/6ga_training/marksman,781312,None
0,/6ga_training/medic/body/body2,Blueprint,Soft From Unassigned Package? Best Guess: /6ga_training/medic/BP_reviveSpawnRadial->/6ga_training/medic/ReviveSpawnActionModel_reset->/6ga_training/medic/revive_spawn_action_reset->/6ga_training/medic/BP_medic_spawn->/6ga_training/medic/body/body2,17262,None
0,/6ga_training/medic/body/body2,BlueprintGeneratedClass,Soft From Unassigned Package? Best Guess: /6ga_training/medic/BP_reviveSpawnRadial->/6ga_training/medic/ReviveSpawnActionModel_reset->/6ga_training/medic/revive_spawn_action_reset->/6ga_training/medic/BP_medic_spawn->/6ga_training/medic/body/body2,17262,None
0,/6ga_training/medic/body/BP_MarkerWidget_revive,WidgetBlueprint,Soft From Unassigned Package? Best Guess: /6ga_training/medic/BP_reviveSpawnRadial->/6ga_training/medic/ReviveSpawnActionModel_reset->/6ga_training/medic/revive_spawn_action_reset->/6ga_training/medic/BP_medic_spawn->/6ga_training/medic/body/body2->/6ga_training/medic/body/BP_MarkerWidget_revive,10408,None
0,/6ga_training/medic/body/BP_MarkerWidget_revive,WidgetBlueprintGeneratedClass,Soft From Unassigned Package? Best Guess: /6ga_training/medic/BP_reviveSpawnRadial->/6ga_training/medic/ReviveSpawnActionModel_reset->/6ga_training/medic/revive_spawn_action_reset->/6ga_training/medic/BP_medic_spawn->/6ga_training/medic/body/body2->/6ga_training/medic/body/BP_MarkerWidget_revive,10408,None
0,/6ga_training/medic/body/crouch,StaticMesh,Soft From Unassigned Package? Best Guess: /6ga_training/medic/BP_reviveSpawnRadial->/6ga_training/medic/ReviveSpawnActionModel_reset->/6ga_training/medic/revive_spawn_action_reset->/6ga_training/medic/BP_medic_spawn->/6ga_training/medic/body/crouch_BP->/6ga_training/medic/body/crouch,5288971,None
0,/6ga_training/medic/body/crouch_BP,Blueprint,Soft From Unassigned Package? Best Guess: /6ga_training/medic/BP_reviveSpawnRadial->/6ga_training/medic/ReviveSpawnActionModel_reset->/6ga_training/medic/revive_spawn_action_reset->/6ga_training/medic/BP_medic_spawn->/6ga_training/medic/body/crouch_BP,3529,None
0,/6ga_training/medic/body/crouch_BP,BlueprintGeneratedClass,Soft From Unassigned Package? Best Guess: /6ga_training/medic/BP_reviveSpawnRadial->/6ga_training/medic/ReviveSpawnActionModel_reset->/6ga_training/medic/revive_spawn_action_reset->/6ga_training/medic/BP_medic_spawn->/6ga_training/medic/body/crouch_BP,3529,None
0,/6ga_training/medic/body/dead,StaticMesh,Soft From Unassigned Package? Best Guess: /6ga_training/medic/BP_reviveSpawnRadial->/6ga_training/medic/ReviveSpawnActionModel_reset->/6ga_training/medic/revive_spawn_action_reset->/6ga_training/medic/BP_medic_spawn->/6ga_training/medic/body/body2->/6ga_training/medic/body/dead,5289569,None
0,/6ga_training/medic/BP_medic_spawn,Blueprint,Soft From Unassigned Package? Best Guess: /6ga_training/medic/BP_reviveSpawnRadial->/6ga_training/medic/ReviveSpawnActionModel_reset->/6ga_training/medic/revive_spawn_action_reset->/6ga_training/medic/BP_medic_spawn,51207,None
0,/6ga_training/medic/BP_medic_spawn,BlueprintGeneratedClass,Soft From Unassigned Package? Best Guess: /6ga_training/medic/BP_reviveSpawnRadial->/6ga_training/medic/ReviveSpawnActionModel_reset->/6ga_training/medic/revive_spawn_action_reset->/6ga_training/medic/BP_medic_spawn,51207,None
0,/6ga_training/medic/BP_reviveSpawnRadial,Blueprint,Soft From Unassigned Package? Best Guess: /6ga_training/medic/ReviveSpawnActionModel_reset->/6ga_training/medic/revive_spawn_action_reset->/6ga_training/medic/BP_medic_spawn->/6ga_training/medic/BP_reviveSpawnRadial,1752,None
0,/6ga_training/medic/BP_reviveSpawnRadial,BlueprintGeneratedClass,Soft From Unassigned Package? Best Guess: /6ga_training/medic/ReviveSpawnActionModel_reset->/6ga_training/medic/revive_spawn_action_reset->/6ga_training/medic/BP_medic_spawn->/6ga_training/medic/BP_reviveSpawnRadial,1752,None
0,/6ga_training/medic/revive_spawn_action,Blueprint,Soft From Unassigned Package? Best Guess: /6ga_training/medic/ReviveSpawnActionModel_reset->/6ga_training/medic/revive_spawn_action_reset->/6ga_training/medic/BP_medic_spawn->/6ga_training/medic/BP_reviveSpawnRadial->/6ga_training/medic/ReviveSpawnActionModel->/6ga_training/medic/revive_spawn_action,6338,None
0,/6ga_training/medic/revive_spawn_action,BlueprintGeneratedClass,Soft From Unassigned Package? Best Guess: /6ga_training/medic/ReviveSpawnActionModel_reset->/6ga_training/medic/revive_spawn_action_reset->/6ga_training/medic/BP_medic_spawn->/6ga_training/medic/BP_reviveSpawnRadial->/6ga_training/medic/ReviveSpawnActionModel->/6ga_training/medic/revive_spawn_action,6338,None
0,/6ga_training/medic/revive_spawn_action_reset,Blueprint,Soft From Unassigned Package? Best Guess: /6ga_training/medic/ReviveSpawnActionModel->/6ga_training/medic/revive_spawn_action->/6ga_training/medic/BP_medic_spawn->/6ga_training/medic/BP_reviveSpawnRadial->/6ga_training/medic/ReviveSpawnActionModel_reset->/6ga_training/medic/revive_spawn_action_reset,6357,None
0,/6ga_training/medic/revive_spawn_action_reset,BlueprintGeneratedClass,Soft From Unassigned Package? Best Guess: /6ga_training/medic/ReviveSpawnActionModel->/6ga_training/medic/revive_spawn_action->/6ga_training/medic/BP_medic_spawn->/6ga_training/medic/BP_reviveSpawnRadial->/6ga_training/medic/ReviveSpawnActionModel_reset->/6ga_training/medic/revive_spawn_action_reset,6357,None
0,/6ga_training/medic/ReviveSpawnActionModel,Blueprint,Soft From Unassigned Package? Best Guess: /6ga_training/medic/ReviveSpawnActionModel_reset->/6ga_training/medic/revive_spawn_action_reset->/6ga_training/medic/BP_medic_spawn->/6ga_training/medic/BP_reviveSpawnRadial->/6ga_training/medic/ReviveSpawnActionModel,2284,None
0,/6ga_training/medic/ReviveSpawnActionModel,BlueprintGeneratedClass,Soft From Unassigned Package? Best Guess: /6ga_training/medic/ReviveSpawnActionModel_reset->/6ga_training/medic/revive_spawn_action_reset->/6ga_training/medic/BP_medic_spawn->/6ga_training/medic/BP_reviveSpawnRadial->/6ga_training/medic/ReviveSpawnActionModel,2284,None
0,/6ga_training/medic/ReviveSpawnActionModel_reset,Blueprint,Soft From Unassigned Package? Best Guess: /6ga_training/medic/ReviveSpawnActionModel->/6ga_training/medic/revive_spawn_action->/6ga_training/medic/BP_medic_spawn->/6ga_training/medic/BP_reviveSpawnRadial->/6ga_training/medic/ReviveSpawnActionModel_reset,2273,None
0,/6ga_training/medic/ReviveSpawnActionModel_reset,BlueprintGeneratedClass,Soft From Unassigned Package? Best Guess: /6ga_training/medic/ReviveSpawnActionModel->/6ga_training/medic/revive_spawn_action->/6ga_training/medic/BP_medic_spawn->/6ga_training/medic/BP_reviveSpawnRadial->/6ga_training/medic/ReviveSpawnActionModel_reset,2273,None
0,/6ga_training/moving_target/BP_movingtarget_training_left,Blueprint,Soft From Unassigned Package? Best Guess: /6ga_training/moving_target/Range/BP_GoTo_Range->/6ga_training/moving_target/Range/BP_targetSpawnRadia_Range->/6ga_training/moving_target/Range/TargetSpawnActionModelRand->/6ga_training/moving_target/Range/targetRand_spawn_action2->/6ga_training/moving_target/Moving_targets_BP->/6ga_training/moving_target/BP_movingtarget_training_left,40396,None
0,/6ga_training/moving_target/BP_movingtarget_training_left,BlueprintGeneratedClass,Soft From Unassigned Package? Best Guess: /6ga_training/moving_target/Range/BP_GoTo_Range->/6ga_training/moving_target/Range/BP_targetSpawnRadia_Range->/6ga_training/moving_target/Range/TargetSpawnActionModelRand->/6ga_training/moving_target/Range/targetRand_spawn_action2->/6ga_training/moving_target/Moving_targets_BP->/6ga_training/moving_target/BP_movingtarget_training_left,40396,None
0,/6ga_training/moving_target/BP_movingtarget_training_left_Fixed,Blueprint,Soft From Unassigned Package? Best Guess: /6ga_training/moving_target/Range/BP_GoTo_Range->/6ga_training/moving_target/Range/BP_targetSpawnRadia_Range->/6ga_training/moving_target/Range/TargetSpawnActionModelRand->/6ga_training/moving_target/Range/targetRand_spawn_action2->/6ga_training/moving_target/Moving_targets_BP->/6ga_training/moving_target/BP_movingtarget_training_left_Fixed,35592,None
0,/6ga_training/moving_target/BP_movingtarget_training_left_Fixed,BlueprintGeneratedClass,Soft From Unassigned Package? Best Guess: /6ga_training/moving_target/Range/BP_GoTo_Range->/6ga_training/moving_target/Range/BP_targetSpawnRadia_Range->/6ga_training/moving_target/Range/TargetSpawnActionModelRand->/6ga_training/moving_target/Range/targetRand_spawn_action2->/6ga_training/moving_target/Moving_targets_BP->/6ga_training/moving_target/BP_movingtarget_training_left_Fixed,35592,None
0,/6ga_training/moving_target/BP_movingtarget_training_R,Blueprint,Soft From Unassigned Package? Best Guess: /6ga_training/moving_target/Range/BP_GoTo_Range->/6ga_training/moving_target/Range/BP_targetSpawnRadia_Range->/6ga_training/moving_target/Range/TargetSpawnActionModelRand->/6ga_training/moving_target/Range/targetRand_spawn_action2->/6ga_training/moving_target/Moving_targets_BP->/6ga_training/moving_target/BP_movingtarget_training_R,40384,None
0,/6ga_training/moving_target/BP_movingtarget_training_R,BlueprintGeneratedClass,Soft From Unassigned Package? Best Guess: /6ga_training/moving_target/Range/BP_GoTo_Range->/6ga_training/moving_target/Range/BP_targetSpawnRadia_Range->/6ga_training/moving_target/Range/TargetSpawnActionModelRand->/6ga_training/moving_target/Range/targetRand_spawn_action2->/6ga_training/moving_target/Moving_targets_BP->/6ga_training/moving_target/BP_movingtarget_training_R,40384,None
0,/6ga_training/moving_target/BP_movingtarget_training_R_fixed,Blueprint,Soft From Unassigned Package? Best Guess: /6ga_training/moving_target/Range/BP_GoTo_Range->/6ga_training/moving_target/Range/BP_targetSpawnRadia_Range->/6ga_training/moving_target/Range/TargetSpawnActionModelRand->/6ga_training/moving_target/Range/targetRand_spawn_action2->/6ga_training/moving_target/Moving_targets_BP->/6ga_training/moving_target/BP_movingtarget_training_R_fixed,35580,None
0,/6ga_training/moving_target/BP_movingtarget_training_R_fixed,BlueprintGeneratedClass,Soft From Unassigned Package? Best Guess: /6ga_training/moving_target/Range/BP_GoTo_Range->/6ga_training/moving_target/Range/BP_targetSpawnRadia_Range->/6ga_training/moving_target/Range/TargetSpawnActionModelRand->/6ga_training/moving_target/Range/targetRand_spawn_action2->/6ga_training/moving_target/Moving_targets_BP->/6ga_training/moving_target/BP_movingtarget_training_R_fixed,35580,None
0,/6ga_training/moving_target/Moving_targets_BP,Blueprint,Soft From Unassigned Package? Best Guess: /6ga_training/moving_target/Range/BP_GoTo_Range->/6ga_training/moving_target/Range/BP_targetSpawnRadia_Range->/6ga_training/moving_target/Range/TargetSpawnActionModelRand->/6ga_training/moving_target/Range/targetRand_spawn_action2->/6ga_training/moving_target/Moving_targets_BP,41477,None
0,/6ga_training/moving_target/Moving_targets_BP,BlueprintGeneratedClass,Soft From Unassigned Package? Best Guess: /6ga_training/moving_target/Range/BP_GoTo_Range->/6ga_training/moving_target/Range/BP_targetSpawnRadia_Range->/6ga_training/moving_target/Range/TargetSpawnActionModelRand->/6ga_training/moving_target/Range/targetRand_spawn_action2->/6ga_training/moving_target/Moving_targets_BP,41477,None
0,/6ga_training/moving_target/Range/BP_GoTo_Range,Blueprint,Soft From Unassigned Package? Best Guess: /6ga_training/moving_target/Range/TargetSpawnActionModelRand->/6ga_training/moving_target/Range/targetRand_spawn_action2->/6ga_training/moving_target/Moving_targets_BP->/6ga_training/moving_target/Start/BP_targetSpawnRadial->/6ga_training/moving_target/Range/BP_GoTo_Range,2174,None
0,/6ga_training/moving_target/Range/BP_GoTo_Range,BlueprintGeneratedClass,Soft From Unassigned Package? Best Guess: /6ga_training/moving_target/Range/TargetSpawnActionModelRand->/6ga_training/moving_target/Range/targetRand_spawn_action2->/6ga_training/moving_target/Moving_targets_BP->/6ga_training/moving_target/Start/BP_targetSpawnRadial->/6ga_training/moving_target/Range/BP_GoTo_Range,2174,None
0,/6ga_training/moving_target/Range/BP_targetSpawnRadia_Range,Blueprint,Soft From Unassigned Package? Best Guess: /6ga_training/moving_target/Range/TargetSpawnActionModelRand->/6ga_training/moving_target/Range/targetRand_spawn_action2->/6ga_training/moving_target/Moving_targets_BP->/6ga_training/moving_target/Start/BP_targetSpawnRadial->/6ga_training/moving_target/Range/BP_GoTo_Range->/6ga_training/moving_target/Range/BP_targetSpawnRadia_Range,2545,None
0,/6ga_training/moving_target/Range/BP_targetSpawnRadia_Range,BlueprintGeneratedClass,Soft From Unassigned Package? Best Guess: /6ga_training/moving_target/Range/TargetSpawnActionModelRand->/6ga_training/moving_target/Range/targetRand_spawn_action2->/6ga_training/moving_target/Moving_targets_BP->/6ga_training/moving_target/Start/BP_targetSpawnRadial->/6ga_training/moving_target/Range/BP_GoTo_Range->/6ga_training/moving_target/Range/BP_targetSpawnRadia_Range,2545,None
0,/6ga_training/moving_target/Range/target100_spawn_action,Blueprint,Soft From Unassigned Package? Best Guess: /6ga_training/moving_target/Range/TargetSpawnActionModelRand->/6ga_training/moving_target/Range/targetRand_spawn_action2->/6ga_training/moving_target/Moving_targets_BP->/6ga_training/moving_target/Start/BP_targetSpawnRadial->/6ga_training/moving_target/Range/BP_GoTo_Range->/6ga_training/moving_target/Range/BP_targetSpawnRadia_Range->/6ga_training/moving_target/Range/TargetSpawnActionModel100->/6ga_training/moving_target/Range/target100_spawn_action,5333,None
0,/6ga_training/moving_target/Range/target100_spawn_action,BlueprintGeneratedClass,Soft From Unassigned Package? Best Guess: /6ga_training/moving_target/Range/TargetSpawnActionModelRand->/6ga_training/moving_target/Range/targetRand_spawn_action2->/6ga_training/moving_target/Moving_targets_BP->/6ga_training/moving_target/Start/BP_targetSpawnRadial->/6ga_training/moving_target/Range/BP_GoTo_Range->/6ga_training/moving_target/Range/BP_targetSpawnRadia_Range->/6ga_training/moving_target/Range/TargetSpawnActionModel100->/6ga_training/moving_target/Range/target100_spawn_action,5333,None
0,/6ga_training/moving_target/Range/target200_spawn_action,Blueprint,Soft From Unassigned Package? Best Guess: /6ga_training/moving_target/Range/TargetSpawnActionModelRand->/6ga_training/moving_target/Range/targetRand_spawn_action2->/6ga_training/moving_target/Moving_targets_BP->/6ga_training/moving_target/Start/BP_targetSpawnRadial->/6ga_training/moving_target/Range/BP_GoTo_Range->/6ga_training/moving_target/Range/BP_targetSpawnRadia_Range->/6ga_training/moving_target/Range/TargetSpawnActionModel200->/6ga_training/moving_target/Range/target200_spawn_action,5117,None
0,/6ga_training/moving_target/Range/target200_spawn_action,BlueprintGeneratedClass,Soft From Unassigned Package? Best Guess: /6ga_training/moving_target/Range/TargetSpawnActionModelRand->/6ga_training/moving_target/Range/targetRand_spawn_action2->/6ga_training/moving_target/Moving_targets_BP->/6ga_training/moving_target/Start/BP_targetSpawnRadial->/6ga_training/moving_target/Range/BP_GoTo_Range->/6ga_training/moving_target/Range/BP_targetSpawnRadia_Range->/6ga_training/moving_target/Range/TargetSpawnActionModel200->/6ga_training/moving_target/Range/target200_spawn_action,5117,None
0,/6ga_training/moving_target/Range/target300_spawn_action1,Blueprint,Soft From Unassigned Package? Best Guess: /6ga_training/moving_target/Range/TargetSpawnActionModelRand->/6ga_training/moving_target/Range/targetRand_spawn_action2->/6ga_training/moving_target/Moving_targets_BP->/6ga_training/moving_target/Start/BP_targetSpawnRadial->/6ga_training/moving_target/Range/BP_GoTo_Range->/6ga_training/moving_target/Range/BP_targetSpawnRadia_Range->/6ga_training/moving_target/Range/TargetSpawnActionModel300->/6ga_training/moving_target/Range/target300_spawn_action1,5121,None
0,/6ga_training/moving_target/Range/target300_spawn_action1,BlueprintGeneratedClass,Soft From Unassigned Package? Best Guess: /6ga_training/moving_target/Range/TargetSpawnActionModelRand->/6ga_training/moving_target/Range/targetRand_spawn_action2->/6ga_training/moving_target/Moving_targets_BP->/6ga_training/moving_target/Start/BP_targetSpawnRadial->/6ga_training/moving_target/Range/BP_GoTo_Range->/6ga_training/moving_target/Range/BP_targetSpawnRadia_Range->/6ga_training/moving_target/Range/TargetSpawnActionModel300->/6ga_training/moving_target/Range/target300_spawn_action1,5121,None
0,/6ga_training/moving_target/Range/targetRand_spawn_action2,Blueprint,Soft From Unassigned Package? Best Guess: /6ga_training/moving_target/Range/TargetSpawnActionModel300->/6ga_training/moving_target/Range/target300_spawn_action1->/6ga_training/moving_target/Moving_targets_BP->/6ga_training/moving_target/Start/BP_targetSpawnRadial->/6ga_training/moving_target/Range/BP_GoTo_Range->/6ga_training/moving_target/Range/BP_targetSpawnRadia_Range->/6ga_training/moving_target/Range/TargetSpawnActionModelRand->/6ga_training/moving_target/Range/targetRand_spawn_action2,5130,None
0,/6ga_training/moving_target/Range/targetRand_spawn_action2,BlueprintGeneratedClass,Soft From Unassigned Package? Best Guess: /6ga_training/moving_target/Range/TargetSpawnActionModel300->/6ga_training/moving_target/Range/target300_spawn_action1->/6ga_training/moving_target/Moving_targets_BP->/6ga_training/moving_target/Start/BP_targetSpawnRadial->/6ga_training/moving_target/Range/BP_GoTo_Range->/6ga_training/moving_target/Range/BP_targetSpawnRadia_Range->/6ga_training/moving_target/Range/TargetSpawnActionModelRand->/6ga_training/moving_target/Range/targetRand_spawn_action2,5130,None
0,/6ga_training/moving_target/Range/TargetSpawnActionModel100,Blueprint,Soft From Unassigned Package? Best Guess: /6ga_training/moving_target/Range/TargetSpawnActionModelRand->/6ga_training/moving_target/Range/targetRand_spawn_action2->/6ga_training/moving_target/Moving_targets_BP->/6ga_training/moving_target/Start/BP_targetSpawnRadial->/6ga_training/moving_target/Range/BP_GoTo_Range->/6ga_training/moving_target/Range/BP_targetSpawnRadia_Range->/6ga_training/moving_target/Range/TargetSpawnActionModel100,2151,None
0,/6ga_training/moving_target/Range/TargetSpawnActionModel100,BlueprintGeneratedClass,Soft From Unassigned Package? Best Guess: /6ga_training/moving_target/Range/TargetSpawnActionModelRand->/6ga_training/moving_target/Range/targetRand_spawn_action2->/6ga_training/moving_target/Moving_targets_BP->/6ga_training/moving_target/Start/BP_targetSpawnRadial->/6ga_training/moving_target/Range/BP_GoTo_Range->/6ga_training/moving_target/Range/BP_targetSpawnRadia_Range->/6ga_training/moving_target/Range/TargetSpawnActionModel100,2151,None
0,/6ga_training/moving_target/Range/TargetSpawnActionModel200,Blueprint,Soft From Unassigned Package? Best Guess: /6ga_training/moving_target/Range/TargetSpawnActionModelRand->/6ga_training/moving_target/Range/targetRand_spawn_action2->/6ga_training/moving_target/Moving_targets_BP->/6ga_training/moving_target/Start/BP_targetSpawnRadial->/6ga_training/moving_target/Range/BP_GoTo_Range->/6ga_training/moving_target/Range/BP_targetSpawnRadia_Range->/6ga_training/moving_target/Range/TargetSpawnActionModel200,2151,None
0,/6ga_training/moving_target/Range/TargetSpawnActionModel200,BlueprintGeneratedClass,Soft From Unassigned Package? Best Guess: /6ga_training/moving_target/Range/TargetSpawnActionModelRand->/6ga_training/moving_target/Range/targetRand_spawn_action2->/6ga_training/moving_target/Moving_targets_BP->/6ga_training/moving_target/Start/BP_targetSpawnRadial->/6ga_training/moving_target/Range/BP_GoTo_Range->/6ga_training/moving_target/Range/BP_targetSpawnRadia_Range->/6ga_training/moving_target/Range/TargetSpawnActionModel200,2151,None
0,/6ga_training/moving_target/Range/TargetSpawnActionModel300,Blueprint,Soft From Unassigned Package? Best Guess: /6ga_training/moving_target/Range/TargetSpawnActionModelRand->/6ga_training/moving_target/Range/targetRand_spawn_action2->/6ga_training/moving_target/Moving_targets_BP->/6ga_training/moving_target/Start/BP_targetSpawnRadial->/6ga_training/moving_target/Range/BP_GoTo_Range->/6ga_training/moving_target/Range/BP_targetSpawnRadia_Range->/6ga_training/moving_target/Range/TargetSpawnActionModel300,2154,None
0,/6ga_training/moving_target/Range/TargetSpawnActionModel300,BlueprintGeneratedClass,Soft From Unassigned Package? Best Guess: /6ga_training/moving_target/Range/TargetSpawnActionModelRand->/6ga_training/moving_target/Range/targetRand_spawn_action2->/6ga_training/moving_target/Moving_targets_BP->/6ga_training/moving_target/Start/BP_targetSpawnRadial->/6ga_training/moving_target/Range/BP_GoTo_Range->/6ga_training/moving_target/Range/BP_targetSpawnRadia_Range->/6ga_training/moving_target/Range/TargetSpawnActionModel300,2154,None
0,/6ga_training/moving_target/Range/TargetSpawnActionModelRand,Blueprint,Soft From Unassigned Package? Best Guess: /6ga_training/moving_target/Range/TargetSpawnActionModel300->/6ga_training/moving_target/Range/target300_spawn_action1->/6ga_training/moving_target/Moving_targets_BP->/6ga_training/moving_target/Start/BP_targetSpawnRadial->/6ga_training/moving_target/Range/BP_GoTo_Range->/6ga_training/moving_target/Range/BP_targetSpawnRadia_Range->/6ga_training/moving_target/Range/TargetSpawnActionModelRand,2162,None
0,/6ga_training/moving_target/Range/TargetSpawnActionModelRand,BlueprintGeneratedClass,Soft From Unassigned Package? Best Guess: /6ga_training/moving_target/Range/TargetSpawnActionModel300->/6ga_training/moving_target/Range/target300_spawn_action1->/6ga_training/moving_target/Moving_targets_BP->/6ga_training/moving_target/Start/BP_targetSpawnRadial->/6ga_training/moving_target/Range/BP_GoTo_Range->/6ga_training/moving_target/Range/BP_targetSpawnRadia_Range->/6ga_training/moving_target/Range/TargetSpawnActionModelRand,2162,None
0,/6ga_training/moving_target/Speed/BP_GoTo_Speed,Blueprint,Soft From Unassigned Package? Best Guess: /6ga_training/moving_target/Range/TargetSpawnActionModelRand->/6ga_training/moving_target/Range/targetRand_spawn_action2->/6ga_training/moving_target/Moving_targets_BP->/6ga_training/moving_target/Start/BP_targetSpawnRadial->/6ga_training/moving_target/Speed/BP_GoTo_Speed,2203,None
0,/6ga_training/moving_target/Speed/BP_GoTo_Speed,BlueprintGeneratedClass,Soft From Unassigned Package? Best Guess: /6ga_training/moving_target/Range/TargetSpawnActionModelRand->/6ga_training/moving_target/Range/targetRand_spawn_action2->/6ga_training/moving_target/Moving_targets_BP->/6ga_training/moving_target/Start/BP_targetSpawnRadial->/6ga_training/moving_target/Speed/BP_GoTo_Speed,2203,None
0,/6ga_training/moving_target/Speed/BP_targetSpawnRadial_Speed,Blueprint,Soft From Unassigned Package? Best Guess: /6ga_training/moving_target/Range/TargetSpawnActionModelRand->/6ga_training/moving_target/Range/targetRand_spawn_action2->/6ga_training/moving_target/Moving_targets_BP->/6ga_training/moving_target/Start/BP_targetSpawnRadial->/6ga_training/moving_target/Speed/BP_GoTo_Speed->/6ga_training/moving_target/Speed/BP_targetSpawnRadial_Speed,2075,None
0,/6ga_training/moving_target/Speed/BP_targetSpawnRadial_Speed,BlueprintGeneratedClass,Soft From Unassigned Package? Best Guess: /6ga_training/moving_target/Range/TargetSpawnActionModelRand->/6ga_training/moving_target/Range/targetRand_spawn_action2->/6ga_training/moving_target/Moving_targets_BP->/6ga_training/moving_target/Start/BP_targetSpawnRadial->/6ga_training/moving_target/Speed/BP_GoTo_Speed->/6ga_training/moving_target/Speed/BP_targetSpawnRadial_Speed,2075,None
0,/6ga_training/moving_target/Speed/targetFixed_spawn_action4,Blueprint,Soft From Unassigned Package? Best Guess: /6ga_training/moving_target/Range/TargetSpawnActionModelRand->/6ga_training/moving_target/Range/targetRand_spawn_action2->/6ga_training/moving_target/Moving_targets_BP->/6ga_training/moving_target/Start/BP_targetSpawnRadial->/6ga_training/moving_target/Speed/BP_GoTo_Speed->/6ga_training/moving_target/Speed/BP_targetSpawnRadial_Speed->/6ga_training/moving_target/Speed/TargetSpawnActionModelFixed->/6ga_training/moving_target/Speed/targetFixed_spawn_action4,5136,None
0,/6ga_training/moving_target/Speed/targetFixed_spawn_action4,BlueprintGeneratedClass,Soft From Unassigned Package? Best Guess: /6ga_training/moving_target/Range/TargetSpawnActionModelRand->/6ga_training/moving_target/Range/targetRand_spawn_action2->/6ga_training/moving_target/Moving_targets_BP->/6ga_training/moving_target/Start/BP_targetSpawnRadial->/6ga_training/moving_target/Speed/BP_GoTo_Speed->/6ga_training/moving_target/Speed/BP_targetSpawnRadial_Speed->/6ga_training/moving_target/Speed/TargetSpawnActionModelFixed->/6ga_training/moving_target/Speed/targetFixed_spawn_action4,5136,None
0,/6ga_training/moving_target/Speed/TargetSpawnActionModelFixed,Blueprint,Soft From Unassigned Package? Best Guess: /6ga_training/moving_target/Range/TargetSpawnActionModelRand->/6ga_training/moving_target/Range/targetRand_spawn_action2->/6ga_training/moving_target/Moving_targets_BP->/6ga_training/moving_target/Start/BP_targetSpawnRadial->/6ga_training/moving_target/Speed/BP_GoTo_Speed->/6ga_training/moving_target/Speed/BP_targetSpawnRadial_Speed->/6ga_training/moving_target/Speed/TargetSpawnActionModelFixed,2171,None
0,/6ga_training/moving_target/Speed/TargetSpawnActionModelFixed,BlueprintGeneratedClass,Soft From Unassigned Package? Best Guess: /6ga_training/moving_target/Range/TargetSpawnActionModelRand->/6ga_training/moving_target/Range/targetRand_spawn_action2->/6ga_training/moving_target/Moving_targets_BP->/6ga_training/moving_target/Start/BP_targetSpawnRadial->/6ga_training/moving_target/Speed/BP_GoTo_Speed->/6ga_training/moving_target/Speed/BP_targetSpawnRadial_Speed->/6ga_training/moving_target/Speed/TargetSpawnActionModelFixed,2171,None
0,/6ga_training/moving_target/Speed/TargetSpawnActionModelSpeed,Blueprint,Soft From Unassigned Package? Best Guess: /6ga_training/moving_target/Range/TargetSpawnActionModelRand->/6ga_training/moving_target/Range/targetRand_spawn_action2->/6ga_training/moving_target/Moving_targets_BP->/6ga_training/moving_target/Start/BP_targetSpawnRadial->/6ga_training/moving_target/Speed/BP_GoTo_Speed->/6ga_training/moving_target/Speed/BP_targetSpawnRadial_Speed->/6ga_training/moving_target/Speed/TargetSpawnActionModelSpeed,2172,None
0,/6ga_training/moving_target/Speed/TargetSpawnActionModelSpeed,BlueprintGeneratedClass,Soft From Unassigned Package? Best Guess: /6ga_training/moving_target/Range/TargetSpawnActionModelRand->/6ga_training/moving_target/Range/targetRand_spawn_action2->/6ga_training/moving_target/Moving_targets_BP->/6ga_training/moving_target/Start/BP_targetSpawnRadial->/6ga_training/moving_target/Speed/BP_GoTo_Speed->/6ga_training/moving_target/Speed/BP_targetSpawnRadial_Speed->/6ga_training/moving_target/Speed/TargetSpawnActionModelSpeed,2172,None
0,/6ga_training/moving_target/Speed/targetspeed_spawn_action5,Blueprint,Soft From Unassigned Package? Best Guess: /6ga_training/moving_target/Range/TargetSpawnActionModelRand->/6ga_training/moving_target/Range/targetRand_spawn_action2->/6ga_training/moving_target/Moving_targets_BP->/6ga_training/moving_target/Start/BP_targetSpawnRadial->/6ga_training/moving_target/Speed/BP_GoTo_Speed->/6ga_training/moving_target/Speed/BP_targetSpawnRadial_Speed->/6ga_training/moving_target/Speed/TargetSpawnActionModelSpeed->/6ga_training/moving_target/Speed/targetspeed_spawn_action5,5135,None
0,/6ga_training/moving_target/Speed/targetspeed_spawn_action5,BlueprintGeneratedClass,Soft From Unassigned Package? Best Guess: /6ga_training/moving_target/Range/TargetSpawnActionModelRand->/6ga_training/moving_target/Range/targetRand_spawn_action2->/6ga_training/moving_target/Moving_targets_BP->/6ga_training/moving_target/Start/BP_targetSpawnRadial->/6ga_training/moving_target/Speed/BP_GoTo_Speed->/6ga_training/moving_target/Speed/BP_targetSpawnRadial_Speed->/6ga_training/moving_target/Speed/TargetSpawnActionModelSpeed->/6ga_training/moving_target/Speed/targetspeed_spawn_action5,5135,None
0,/6ga_training/moving_target/Start/BP_GoTo_Start,Blueprint,Soft From Unassigned Package? Best Guess: /6ga_training/moving_target/Range/TargetSpawnActionModelRand->/6ga_training/moving_target/Range/targetRand_spawn_action2->/6ga_training/moving_target/Moving_targets_BP->/6ga_training/moving_target/Start/BP_targetSpawnRadial->/6ga_training/moving_target/Speed/BP_GoTo_Speed->/6ga_training/moving_target/Speed/BP_targetSpawnRadial_Speed->/6ga_training/moving_target/Start/BP_GoTo_Start,2351,None
0,/6ga_training/moving_target/Start/BP_GoTo_Start,BlueprintGeneratedClass,Soft From Unassigned Package? Best Guess: /6ga_training/moving_target/Range/TargetSpawnActionModelRand->/6ga_training/moving_target/Range/targetRand_spawn_action2->/6ga_training/moving_target/Moving_targets_BP->/6ga_training/moving_target/Start/BP_targetSpawnRadial->/6ga_training/moving_target/Speed/BP_GoTo_Speed->/6ga_training/moving_target/Speed/BP_targetSpawnRadial_Speed->/6ga_training/moving_target/Start/BP_GoTo_Start,2351,None
0,/6ga_training/moving_target/Start/BP_targetSpawnRadial,Blueprint,Soft From Unassigned Package? Best Guess: /6ga_training/moving_target/Range/TargetSpawnActionModelRand->/6ga_training/moving_target/Range/targetRand_spawn_action2->/6ga_training/moving_target/Moving_targets_BP->/6ga_training/moving_target/Start/BP_targetSpawnRadial,2464,None
0,/6ga_training/moving_target/Start/BP_targetSpawnRadial,BlueprintGeneratedClass,Soft From Unassigned Package? Best Guess: /6ga_training/moving_target/Range/TargetSpawnActionModelRand->/6ga_training/moving_target/Range/targetRand_spawn_action2->/6ga_training/moving_target/Moving_targets_BP->/6ga_training/moving_target/Start/BP_targetSpawnRadial,2464,None
0,/6ga_training/moving_target/Start/TargetSpawnActionModelStart,Blueprint,Soft From Unassigned Package? Best Guess: /6ga_training/moving_target/Range/TargetSpawnActionModelRand->/6ga_training/moving_target/Range/targetRand_spawn_action2->/6ga_training/moving_target/Moving_targets_BP->/6ga_training/moving_target/Start/BP_targetSpawnRadial->/6ga_training/moving_target/Start/TargetSpawnActionModelStart,2169,None
0,/6ga_training/moving_target/Start/TargetSpawnActionModelStart,BlueprintGeneratedClass,Soft From Unassigned Package? Best Guess: /6ga_training/moving_target/Range/TargetSpawnActionModelRand->/6ga_training/moving_target/Range/targetRand_spawn_action2->/6ga_training/moving_target/Moving_targets_BP->/6ga_training/moving_target/Start/BP_targetSpawnRadial->/6ga_training/moving_target/Start/TargetSpawnActionModelStart,2169,None
0,/6ga_training/moving_target/Start/TargetSpawnActionModelStop,Blueprint,Soft From Unassigned Package? Best Guess: /6ga_training/moving_target/Range/TargetSpawnActionModelRand->/6ga_training/moving_target/Range/targetRand_spawn_action2->/6ga_training/moving_target/Moving_targets_BP->/6ga_training/moving_target/Start/BP_targetSpawnRadial->/6ga_training/moving_target/Start/TargetSpawnActionModelStop,2184,None
0,/6ga_training/moving_target/Start/TargetSpawnActionModelStop,BlueprintGeneratedClass,Soft From Unassigned Package? Best Guess: /6ga_training/moving_target/Range/TargetSpawnActionModelRand->/6ga_training/moving_target/Range/targetRand_spawn_action2->/6ga_training/moving_target/Moving_targets_BP->/6ga_training/moving_target/Start/BP_targetSpawnRadial->/6ga_training/moving_target/Start/TargetSpawnActionModelStop,2184,None
0,/6ga_training/moving_target/Start/targetStart_spawn_start,Blueprint,Soft From Unassigned Package? Best Guess: /6ga_training/moving_target/Range/TargetSpawnActionModelRand->/6ga_training/moving_target/Range/targetRand_spawn_action2->/6ga_training/moving_target/Moving_targets_BP->/6ga_training/moving_target/Start/BP_targetSpawnRadial->/6ga_training/moving_target/Start/TargetSpawnActionModelStart->/6ga_training/moving_target/Start/targetStart_spawn_start,5122,None
0,/6ga_training/moving_target/Start/targetStart_spawn_start,BlueprintGeneratedClass,Soft From Unassigned Package? Best Guess: /6ga_training/moving_target/Range/TargetSpawnActionModelRand->/6ga_training/moving_target/Range/targetRand_spawn_action2->/6ga_training/moving_target/Moving_targets_BP->/6ga_training/moving_target/Start/BP_targetSpawnRadial->/6ga_training/moving_target/Start/TargetSpawnActionModelStart->/6ga_training/moving_target/Start/targetStart_spawn_start,5122,None
0,/6ga_training/moving_target/Start/targetStart_spawn_stop,Blueprint,Soft From Unassigned Package? Best Guess: /6ga_training/moving_target/Range/TargetSpawnActionModelRand->/6ga_training/moving_target/Range/targetRand_spawn_action2->/6ga_training/moving_target/Moving_targets_BP->/6ga_training/moving_target/Start/BP_targetSpawnRadial->/6ga_training/moving_target/Start/TargetSpawnActionModelStop->/6ga_training/moving_target/Start/targetStart_spawn_stop,5117,None
0,/6ga_training/moving_target/Start/targetStart_spawn_stop,BlueprintGeneratedClass,Soft From Unassigned Package? Best Guess: /6ga_training/moving_target/Range/TargetSpawnActionModelRand->/6ga_training/moving_target/Range/targetRand_spawn_action2->/6ga_training/moving_target/Moving_targets_BP->/6ga_training/moving_target/Start/BP_targetSpawnRadial->/6ga_training/moving_target/Start/TargetSpawnActionModelStop->/6ga_training/moving_target/Start/targetStart_spawn_stop,5117,None
0,/6ga_training/moving_target/Timer/BP_GoTo_Timer,Blueprint,Soft From Unassigned Package? Best Guess: /6ga_training/moving_target/Range/TargetSpawnActionModelRand->/6ga_training/moving_target/Range/targetRand_spawn_action2->/6ga_training/moving_target/Moving_targets_BP->/6ga_training/moving_target/Start/BP_targetSpawnRadial->/6ga_training/moving_target/Timer/BP_GoTo_Timer,2177,None
0,/6ga_training/moving_target/Timer/BP_GoTo_Timer,BlueprintGeneratedClass,Soft From Unassigned Package? Best Guess: /6ga_training/moving_target/Range/TargetSpawnActionModelRand->/6ga_training/moving_target/Range/targetRand_spawn_action2->/6ga_training/moving_target/Moving_targets_BP->/6ga_training/moving_target/Start/BP_targetSpawnRadial->/6ga_training/moving_target/Timer/BP_GoTo_Timer,2177,None
0,/6ga_training/moving_target/Timer/BP_targetSpawnRadial_Timer,Blueprint,Soft From Unassigned Package? Best Guess: /6ga_training/moving_target/Range/TargetSpawnActionModelRand->/6ga_training/moving_target/Range/targetRand_spawn_action2->/6ga_training/moving_target/Moving_targets_BP->/6ga_training/moving_target/Start/BP_targetSpawnRadial->/6ga_training/moving_target/Timer/BP_GoTo_Timer->/6ga_training/moving_target/Timer/BP_targetSpawnRadial_Timer,2599,None
0,/6ga_training/moving_target/Timer/BP_targetSpawnRadial_Timer,BlueprintGeneratedClass,Soft From Unassigned Package? Best Guess: /6ga_training/moving_target/Range/TargetSpawnActionModelRand->/6ga_training/moving_target/Range/targetRand_spawn_action2->/6ga_training/moving_target/Moving_targets_BP->/6ga_training/moving_target/Start/BP_targetSpawnRadial->/6ga_training/moving_target/Timer/BP_GoTo_Timer->/6ga_training/moving_target/Timer/BP_targetSpawnRadial_Timer,2599,None
0,/6ga_training/moving_target/Timer/TargetSpawnActionModelnotimer,Blueprint,Soft From Unassigned Package? Best Guess: /6ga_training/moving_target/Range/TargetSpawnActionModelRand->/6ga_training/moving_target/Range/targetRand_spawn_action2->/6ga_training/moving_target/Moving_targets_BP->/6ga_training/moving_target/Start/BP_targetSpawnRadial->/6ga_training/moving_target/Timer/BP_GoTo_Timer->/6ga_training/moving_target/Timer/BP_targetSpawnRadial_Timer->/6ga_training/moving_target/Timer/TargetSpawnActionModelnotimer,2176,None
0,/6ga_training/moving_target/Timer/TargetSpawnActionModelnotimer,BlueprintGeneratedClass,Soft From Unassigned Package? Best Guess: /6ga_training/moving_target/Range/TargetSpawnActionModelRand->/6ga_training/moving_target/Range/targetRand_spawn_action2->/6ga_training/moving_target/Moving_targets_BP->/6ga_training/moving_target/Start/BP_targetSpawnRadial->/6ga_training/moving_target/Timer/BP_GoTo_Timer->/6ga_training/moving_target/Timer/BP_targetSpawnRadial_Timer->/6ga_training/moving_target/Timer/TargetSpawnActionModelnotimer,2176,None
0,/6ga_training/moving_target/Timer/TargetSpawnActionModeltimer180,Blueprint,Soft From Unassigned Package? Best Guess: /6ga_training/moving_target/Range/TargetSpawnActionModelRand->/6ga_training/moving_target/Range/targetRand_spawn_action2->/6ga_training/moving_target/Moving_targets_BP->/6ga_training/moving_target/Start/BP_targetSpawnRadial->/6ga_training/moving_target/Timer/BP_GoTo_Timer->/6ga_training/moving_target/Timer/BP_targetSpawnRadial_Timer->/6ga_training/moving_target/Timer/TargetSpawnActionModeltimer180,2180,None
0,/6ga_training/moving_target/Timer/TargetSpawnActionModeltimer180,BlueprintGeneratedClass,Soft From Unassigned Package? Best Guess: /6ga_training/moving_target/Range/TargetSpawnActionModelRand->/6ga_training/moving_target/Range/targetRand_spawn_action2->/6ga_training/moving_target/Moving_targets_BP->/6ga_training/moving_target/Start/BP_targetSpawnRadial->/6ga_training/moving_target/Timer/BP_GoTo_Timer->/6ga_training/moving_target/Timer/BP_targetSpawnRadial_Timer->/6ga_training/moving_target/Timer/TargetSpawnActionModeltimer180,2180,None
0,/6ga_training/moving_target/Timer/TargetSpawnActionModeltimer300,Blueprint,Soft From Unassigned Package? Best Guess: /6ga_training/moving_target/Range/TargetSpawnActionModelRand->/6ga_training/moving_target/Range/targetRand_spawn_action2->/6ga_training/moving_target/Moving_targets_BP->/6ga_training/moving_target/Start/BP_targetSpawnRadial->/6ga_training/moving_target/Timer/BP_GoTo_Timer->/6ga_training/moving_target/Timer/BP_targetSpawnRadial_Timer->/6ga_training/moving_target/Timer/TargetSpawnActionModeltimer300,2180,None
0,/6ga_training/moving_target/Timer/TargetSpawnActionModeltimer300,BlueprintGeneratedClass,Soft From Unassigned Package? Best Guess: /6ga_training/moving_target/Range/TargetSpawnActionModelRand->/6ga_training/moving_target/Range/targetRand_spawn_action2->/6ga_training/moving_target/Moving_targets_BP->/6ga_training/moving_target/Start/BP_targetSpawnRadial->/6ga_training/moving_target/Timer/BP_GoTo_Timer->/6ga_training/moving_target/Timer/BP_targetSpawnRadial_Timer->/6ga_training/moving_target/Timer/TargetSpawnActionModeltimer300,2180,None
0,/6ga_training/moving_target/Timer/TargetSpawnActionModeltimer60,Blueprint,Soft From Unassigned Package? Best Guess: /6ga_training/moving_target/Range/TargetSpawnActionModelRand->/6ga_training/moving_target/Range/targetRand_spawn_action2->/6ga_training/moving_target/Moving_targets_BP->/6ga_training/moving_target/Start/BP_targetSpawnRadial->/6ga_training/moving_target/Timer/BP_GoTo_Timer->/6ga_training/moving_target/Timer/BP_targetSpawnRadial_Timer->/6ga_training/moving_target/Timer/TargetSpawnActionModeltimer60,2178,None
0,/6ga_training/moving_target/Timer/TargetSpawnActionModeltimer60,BlueprintGeneratedClass,Soft From Unassigned Package? Best Guess: /6ga_training/moving_target/Range/TargetSpawnActionModelRand->/6ga_training/moving_target/Range/targetRand_spawn_action2->/6ga_training/moving_target/Moving_targets_BP->/6ga_training/moving_target/Start/BP_targetSpawnRadial->/6ga_training/moving_target/Timer/BP_GoTo_Timer->/6ga_training/moving_target/Timer/BP_targetSpawnRadial_Timer->/6ga_training/moving_target/Timer/TargetSpawnActionModeltimer60,2178,None
0,/6ga_training/moving_target/Timer/targetStart_spawn_notimer,Blueprint,Soft From Unassigned Package? Best Guess: /6ga_training/moving_target/Range/TargetSpawnActionModelRand->/6ga_training/moving_target/Range/targetRand_spawn_action2->/6ga_training/moving_target/Moving_targets_BP->/6ga_training/moving_target/Start/BP_targetSpawnRadial->/6ga_training/moving_target/Timer/BP_GoTo_Timer->/6ga_training/moving_target/Timer/BP_targetSpawnRadial_Timer->/6ga_training/moving_target/Timer/TargetSpawnActionModelnotimer->/6ga_training/moving_target/Timer/targetStart_spawn_notimer,5132,None
0,/6ga_training/moving_target/Timer/targetStart_spawn_notimer,BlueprintGeneratedClass,Soft From Unassigned Package? Best Guess: /6ga_training/moving_target/Range/TargetSpawnActionModelRand->/6ga_training/moving_target/Range/targetRand_spawn_action2->/6ga_training/moving_target/Moving_targets_BP->/6ga_training/moving_target/Start/BP_targetSpawnRadial->/6ga_training/moving_target/Timer/BP_GoTo_Timer->/6ga_training/moving_target/Timer/BP_targetSpawnRadial_Timer->/6ga_training/moving_target/Timer/TargetSpawnActionModelnotimer->/6ga_training/moving_target/Timer/targetStart_spawn_notimer,5132,None
0,/6ga_training/moving_target/Timer/targetStart_spawn_timer180,Blueprint,Soft From Unassigned Package? Best Guess: /6ga_training/moving_target/Range/TargetSpawnActionModelRand->/6ga_training/moving_target/Range/targetRand_spawn_action2->/6ga_training/moving_target/Moving_targets_BP->/6ga_training/moving_target/Start/BP_targetSpawnRadial->/6ga_training/moving_target/Timer/BP_GoTo_Timer->/6ga_training/moving_target/Timer/BP_targetSpawnRadial_Timer->/6ga_training/moving_target/Timer/TargetSpawnActionModeltimer180->/6ga_training/moving_target/Timer/targetStart_spawn_timer180,5137,None
0,/6ga_training/moving_target/Timer/targetStart_spawn_timer180,BlueprintGeneratedClass,Soft From Unassigned Package? Best Guess: /6ga_training/moving_target/Range/TargetSpawnActionModelRand->/6ga_training/moving_target/Range/targetRand_spawn_action2->/6ga_training/moving_target/Moving_targets_BP->/6ga_training/moving_target/Start/BP_targetSpawnRadial->/6ga_training/moving_target/Timer/BP_GoTo_Timer->/6ga_training/moving_target/Timer/BP_targetSpawnRadial_Timer->/6ga_training/moving_target/Timer/TargetSpawnActionModeltimer180->/6ga_training/moving_target/Timer/targetStart_spawn_timer180,5137,None
0,/6ga_training/moving_target/Timer/targetStart_spawn_timer300,Blueprint,Soft From Unassigned Package? Best Guess: /6ga_training/moving_target/Range/TargetSpawnActionModelRand->/6ga_training/moving_target/Range/targetRand_spawn_action2->/6ga_training/moving_target/Moving_targets_BP->/6ga_training/moving_target/Start/BP_targetSpawnRadial->/6ga_training/moving_target/Timer/BP_GoTo_Timer->/6ga_training/moving_target/Timer/BP_targetSpawnRadial_Timer->/6ga_training/moving_target/Timer/TargetSpawnActionModeltimer300->/6ga_training/moving_target/Timer/targetStart_spawn_timer300,5137,None
0,/6ga_training/moving_target/Timer/targetStart_spawn_timer300,BlueprintGeneratedClass,Soft From Unassigned Package? Best Guess: /6ga_training/moving_target/Range/TargetSpawnActionModelRand->/6ga_training/moving_target/Range/targetRand_spawn_action2->/6ga_training/moving_target/Moving_targets_BP->/6ga_training/moving_target/Start/BP_targetSpawnRadial->/6ga_training/moving_target/Timer/BP_GoTo_Timer->/6ga_training/moving_target/Timer/BP_targetSpawnRadial_Timer->/6ga_training/moving_target/Timer/TargetSpawnActionModeltimer300->/6ga_training/moving_target/Timer/targetStart_spawn_timer300,5137,None
0,/6ga_training/moving_target/Timer/targetStart_spawn_timer60,Blueprint,Soft From Unassigned Package? Best Guess: /6ga_training/moving_target/Range/TargetSpawnActionModelRand->/6ga_training/moving_target/Range/targetRand_spawn_action2->/6ga_training/moving_target/Moving_targets_BP->/6ga_training/moving_target/Start/BP_targetSpawnRadial->/6ga_training/moving_target/Timer/BP_GoTo_Timer->/6ga_training/moving_target/Timer/BP_targetSpawnRadial_Timer->/6ga_training/moving_target/Timer/TargetSpawnActionModeltimer60->/6ga_training/moving_target/Timer/targetStart_spawn_timer60,5132,None
0,/6ga_training/moving_target/Timer/targetStart_spawn_timer60,BlueprintGeneratedClass,Soft From Unassigned Package? Best Guess: /6ga_training/moving_target/Range/TargetSpawnActionModelRand->/6ga_training/moving_target/Range/targetRand_spawn_action2->/6ga_training/moving_target/Moving_targets_BP->/6ga_training/moving_target/Start/BP_targetSpawnRadial->/6ga_training/moving_target/Timer/BP_GoTo_Timer->/6ga_training/moving_target/Timer/BP_targetSpawnRadial_Timer->/6ga_training/moving_target/Timer/TargetSpawnActionModeltimer60->/6ga_training/moving_target/Timer/targetStart_spawn_timer60,5132,None
0,/Engine/EditorMaterials/MatineeCam_mat,Material,Hard,9965,None
0,/Engine/EditorMeshes/MatineeCam_SM,StaticMesh,Hard,426637,None
0,/Engine/EditorResources/MatineeCam_D,Texture2D,Hard,3915,None
0,/Game/Audio/Attenuation/AssaultRifle/AssaultRifleMidAttenuation,SoundAttenuation,Soft From Unassigned Package? Best Guess: /6ga_training/moving_target/Range/BP_GoTo_Range->/6ga_training/moving_target/Range/BP_targetSpawnRadia_Range->/6ga_training/moving_target/Range/TargetSpawnActionModelRand->/6ga_training/moving_target/Range/targetRand_spawn_action2->/6ga_training/moving_target/Moving_targets_BP->/Game/Audio/Attenuation/AssaultRifle/AssaultRifleMidAttenuation,1388,None
0,/Game/Audio/Character/Wounded/1pHit/01/1P_hit1_03,SoundWave,Soft From Unassigned Package? Best Guess: /6ga_training/moving_target/Range/BP_GoTo_Range->/6ga_training/moving_target/Range/BP_targetSpawnRadia_Range->/6ga_training/moving_target/Range/TargetSpawnActionModelRand->/6ga_training/moving_target/Range/targetRand_spawn_action2->/6ga_training/moving_target/Moving_targets_BP->/Game/Audio/Character/Wounded/1pHit/01/1P_hit1_03,8445,None
0,/Game/PostScriptum/Characters/Axis/Wehrmacht_1940/skel/SK_Werhmacht_M40,SkeletalMesh,Soft From Unassigned Package? Best Guess: /6ga_training/moving_target/Range/BP_GoTo_Range->/6ga_training/moving_target/Range/BP_targetSpawnRadia_Range->/6ga_training/moving_target/Range/TargetSpawnActionModelRand->/6ga_training/moving_target/Range/targetRand_spawn_action2->/6ga_training/moving_target/Moving_targets_BP->/6ga_training/moving_target/BP_movingtarget_training_R_fixed->/Game/PostScriptum/Characters/Axis/Wehrmacht_1940/skel/SK_Werhmacht_M40,3024207,None
0,/Game/PostScriptum/Environment/Foliage/Europe/UnderGrowth/grass/MI_RiverGrassYeho,MaterialInstanceConstant,Soft From Unassigned Package? Best Guess: /6ga_training/moving_target/Range/BP_GoTo_Range->/6ga_training/moving_target/Range/BP_targetSpawnRadia_Range->/6ga_training/moving_target/Range/TargetSpawnActionModelRand->/6ga_training/moving_target/Range/targetRand_spawn_action2->/6ga_training/moving_target/Moving_targets_BP->/6ga_training/moving_target/BP_movingtarget_training_R_fixed->/Game/PostScriptum/Environment/Foliage/Europe/UnderGrowth/grass/SM_GrassRiverCluster_medYeho->/Game/PostScriptum/Environment/Foliage/Europe/UnderGrowth/grass/MI_RiverGrassYeho,160679,None
0,/Game/PostScriptum/Environment/Foliage/Europe/UnderGrowth/grass/SM_GrassRiverCluster_medYeho,StaticMesh,Soft From Unassigned Package? Best Guess: /6ga_training/moving_target/Range/BP_GoTo_Range->/6ga_training/moving_target/Range/BP_targetSpawnRadia_Range->/6ga_training/moving_target/Range/TargetSpawnActionModelRand->/6ga_training/moving_target/Range/targetRand_spawn_action2->/6ga_training/moving_target/Moving_targets_BP->/6ga_training/moving_target/BP_movingtarget_training_R_fixed->/Game/PostScriptum/Environment/Foliage/Europe/UnderGrowth/grass/SM_GrassRiverCluster_medYeho,175441,None
0,/Game/PostScriptum/Maps/Arnhem_Range/Tutorial/ParticleEffects/bhit_small_stabVictim,ParticleSystem,Soft From Unassigned Package? Best Guess: /6ga_training/moving_target/Range/BP_GoTo_Range->/6ga_training/moving_target/Range/BP_targetSpawnRadia_Range->/6ga_training/moving_target/Range/TargetSpawnActionModelRand->/6ga_training/moving_target/Range/targetRand_spawn_action2->/6ga_training/moving_target/Moving_targets_BP->/6ga_training/moving_target/BP_movingtarget_training_R_fixed->/Game/PostScriptum/Maps/Arnhem_Range/Tutorial/ParticleEffects/bhit_small_stabVictim,37302,None
0,/Game/PostScriptum/UI/Fonts/WeatheredTextMaterialOpaque,Material,Soft From Unassigned Package? Best Guess: /6ga_training/Heelsum_6ga_training->/Game/PostScriptum/UI/Fonts/WeatheredTextMaterialOpaque,33582,None
0,/Game/PostScriptum/UI/Squad_a9_UI/UI/HUD/Inventory/inventory_category_knife,Texture2D,Soft From Unassigned Package? Best Guess: /6ga_training/CQB/BP_CQBSpawnRadial->/6ga_training/CQB/CQBSpawnActionModel->/6ga_training/CQB/CQB_spawn_action->/6ga_training/CQB/CQB_spawn_BP->/Game/PostScriptum/UI/Squad_a9_UI/UI/HUD/Inventory/inventory_category_knife,5226,None
0,/Game/PostScriptum/UI/Squad_a9_UI/UI/HUD/PlayerMapIcons/IncapAnim/incap2_256_256,Texture2D,Soft From Unassigned Package? Best Guess: /6ga_training/medic/BP_reviveSpawnRadial->/6ga_training/medic/ReviveSpawnActionModel_reset->/6ga_training/medic/revive_spawn_action_reset->/6ga_training/medic/BP_medic_spawn->/6ga_training/medic/body/body2->/Game/PostScriptum/UI/Squad_a9_UI/UI/HUD/PlayerMapIcons/IncapAnim/incap2_256_256,263494,None
0,/Game/PostScriptum/UI/Squad_a9_UI/UI/Widgets/HUD/Scoreboard/ScoreboardTextures/ScoreboardHeal,Texture2D,Soft From Unassigned Package? Best Guess: /6ga_training/medic/ReviveSpawnActionModel_reset->/6ga_training/medic/revive_spawn_action_reset->/6ga_training/medic/BP_medic_spawn->/6ga_training/medic/BP_reviveSpawnRadial->/6ga_training/medic/ReviveSpawnActionModel->/Game/PostScriptum/UI/Squad_a9_UI/UI/Widgets/HUD/Scoreboard/ScoreboardTextures/ScoreboardHeal,17522,None
0,/Game/PostScriptum/UI/Squad_a9_UI/UI/Widgets/HUD/Scoreboard/ScoreboardTextures/ScoreboardPing,Texture2D,Soft From Unassigned Package? Best Guess: /6ga_training/moving_target/Range/TargetSpawnActionModelRand->/6ga_training/moving_target/Range/targetRand_spawn_action2->/6ga_training/moving_target/Moving_targets_BP->/6ga_training/moving_target/Start/BP_targetSpawnRadial->/6ga_training/moving_target/Speed/BP_GoTo_Speed->/Game/PostScriptum/UI/Squad_a9_UI/UI/Widgets/HUD/Scoreboard/ScoreboardTextures/ScoreboardPing,17522,None
0,/Game/PostScriptum/Vehicles/UK/2_Inch_Mortar/M_2_Inch_Mortar,Material,Soft From Unassigned Package? Best Guess: /6ga_training/Heelsum_6ga_training->/Game/PostScriptum/Vehicles/UK/2_Inch_Mortar/M_2_Inch_Mortar,24872,None
0,/Game/PostScriptum/Weapons/Axis/Geballte_Ladung_3KG/Animations/A_Char_Geballte_Ladung_Place,AnimSequence,Soft From Unassigned Package? Best Guess: /6ga_training/Heelsum_6ga_training->/Game/PostScriptum/Weapons/Axis/Geballte_Ladung_3KG/BP_Geballte_Ladung_Weapon->/Game/PostScriptum/Weapons/Axis/Geballte_Ladung_3KG/BP_Geballte_Ladung_StaticInfo->/Game/PostScriptum/Weapons/Axis/Geballte_Ladung_3KG/Animations/A_Char_Geballte_Ladung_Place_Montage->/Game/PostScriptum/Weapons/Axis/Geballte_Ladung_3KG/Animations/A_Char_Geballte_Ladung_Place,35128,None
0,/Game/PostScriptum/Weapons/Axis/Geballte_Ladung_3KG/Animations/A_Char_Geballte_Ladung_Place_Montage,AnimMontage,Soft From Unassigned Package? Best Guess: /6ga_training/Heelsum_6ga_training->/Game/PostScriptum/Weapons/Axis/Geballte_Ladung_3KG/BP_Geballte_Ladung_Weapon->/Game/PostScriptum/Weapons/Axis/Geballte_Ladung_3KG/BP_Geballte_Ladung_StaticInfo->/Game/PostScriptum/Weapons/Axis/Geballte_Ladung_3KG/Animations/A_Char_Geballte_Ladung_Place_Montage,3728,None
0,/Game/PostScriptum/Weapons/Axis/Geballte_Ladung_3KG/BP_Deployable_GeballteLadung,Blueprint,Soft From Unassigned Package? Best Guess: /6ga_training/Heelsum_6ga_training->/Game/PostScriptum/Weapons/Axis/Geballte_Ladung_3KG/BP_Geballte_Ladung_Weapon->/Game/PostScriptum/Weapons/Axis/Geballte_Ladung_3KG/BP_Geballte_Ladung_StaticInfo->/Game/PostScriptum/Weapons/Axis/Geballte_Ladung_3KG/BP_Deployable_GeballteLadung,15451,None
0,/Game/PostScriptum/Weapons/Axis/Geballte_Ladung_3KG/BP_Deployable_GeballteLadung,BlueprintGeneratedClass,Soft From Unassigned Package? Best Guess: /6ga_training/Heelsum_6ga_training->/Game/PostScriptum/Weapons/Axis/Geballte_Ladung_3KG/BP_Geballte_Ladung_Weapon->/Game/PostScriptum/Weapons/Axis/Geballte_Ladung_3KG/BP_Geballte_Ladung_StaticInfo->/Game/PostScriptum/Weapons/Axis/Geballte_Ladung_3KG/BP_Deployable_GeballteLadung,15451,None
0,/Game/PostScriptum/Weapons/Axis/Geballte_Ladung_3KG/BP_Geballte_Ladung_StaticInfo,Blueprint,Soft From Unassigned Package? Best Guess: /6ga_training/Heelsum_6ga_training->/Game/PostScriptum/Weapons/Axis/Geballte_Ladung_3KG/BP_Geballte_Ladung_Weapon->/Game/PostScriptum/Weapons/Axis/Geballte_Ladung_3KG/BP_Geballte_Ladung_StaticInfo,4575,None
0,/Game/PostScriptum/Weapons/Axis/Geballte_Ladung_3KG/BP_Geballte_Ladung_StaticInfo,BlueprintGeneratedClass,Soft From Unassigned Package? Best Guess: /6ga_training/Heelsum_6ga_training->/Game/PostScriptum/Weapons/Axis/Geballte_Ladung_3KG/BP_Geballte_Ladung_Weapon->/Game/PostScriptum/Weapons/Axis/Geballte_Ladung_3KG/BP_Geballte_Ladung_StaticInfo,4575,None
0,/Game/PostScriptum/Weapons/Axis/Geballte_Ladung_3KG/BP_Geballte_Ladung_Weapon,Blueprint,Soft From Unassigned Package? Best Guess: /6ga_training/Heelsum_6ga_training->/Game/PostScriptum/Weapons/Axis/Geballte_Ladung_3KG/BP_Geballte_Ladung_Weapon,4649,None
0,/Game/PostScriptum/Weapons/Axis/Geballte_Ladung_3KG/BP_Geballte_Ladung_Weapon,BlueprintGeneratedClass,Soft From Unassigned Package? Best Guess: /6ga_training/Heelsum_6ga_training->/Game/PostScriptum/Weapons/Axis/Geballte_Ladung_3KG/BP_Geballte_Ladung_Weapon,4649,None
0,/Game/PostScriptum/Weapons/Axis/Geballte_Ladung_3KG/SM_Geballte_Ladung,SkeletalMesh,Soft From Unassigned Package? Best Guess: /6ga_training/Heelsum_6ga_training->/Game/PostScriptum/Weapons/Axis/Geballte_Ladung_3KG/SM_Geballte_Ladung,194856,None
0,/Game/PostScriptum/Weapons/Axis/Geballte_Ladung_3KG/SM_Geballte_Ladung_PhysicsAsset,PhysicsAsset,Soft From Unassigned Package? Best Guess: /6ga_training/Heelsum_6ga_training->/Game/PostScriptum/Weapons/Axis/Geballte_Ladung_3KG/SM_Geballte_Ladung->/Game/PostScriptum/Weapons/Axis/Geballte_Ladung_3KG/SM_Geballte_Ladung_PhysicsAsset,3775,None
0,/Game/PostScriptum/Weapons/Axis/Geballte_Ladung_3KG/SM_Geballte_Ladung_Skeleton,Skeleton,Soft From Unassigned Package? Best Guess: /6ga_training/Heelsum_6ga_training->/Game/PostScriptum/Weapons/Axis/Geballte_Ladung_3KG/SM_Geballte_Ladung->/Game/PostScriptum/Weapons/Axis/Geballte_Ladung_3KG/SM_Geballte_Ladung_Skeleton,1464,None
0,/shiftingsands/Weapons/AUS/BrenMk1/BP_BrenMKI,Blueprint,Soft From Unassigned Package? Best Guess: /6ga_training/Heelsum_6ga_training->/shiftingsands/Weapons/AUS/BrenMk1/BP_BrenMKI,8848,None
0,/shiftingsands/Weapons/AUS/BrenMk1/BP_BrenMKI,BlueprintGeneratedClass,Soft From Unassigned Package? Best Guess: /6ga_training/Heelsum_6ga_training->/shiftingsands/Weapons/AUS/BrenMk1/BP_BrenMKI,8848,None
0,/shiftingsands/Weapons/AUS/BrenMk1/BP_BrenMKI_StaticInfo,Blueprint,Soft From Unassigned Package? Best Guess: /shiftingsands/Weapons/AUS/BrenMk1/BP_BrenMKI_StaticInfo,16398,None
0,/shiftingsands/Weapons/AUS/BrenMk1/BP_BrenMKI_StaticInfo,BlueprintGeneratedClass,Soft From Unassigned Package? Best Guess: /shiftingsands/Weapons/AUS/BrenMk1/BP_BrenMKI_StaticInfo,16398,None
0,/shiftingsands/Weapons/AUS/BrenMk1/brenmk1_Physics,PhysicsAsset,Soft From Unassigned Package? Best Guess: /shiftingsands/Weapons/AUS/BrenMk1/brenmk1_Physics,3417,None
0,/shiftingsands/Weapons/AUS/BrenMk1/SK_Bren_MkI,SkeletalMesh,Soft From Unassigned Package? Best Guess: /shiftingsands/Weapons/AUS/BrenMk1/SK_Bren_MkI,3244314,None
0,/shiftingsands/Weapons/AUS/BrenMk1/Textures/Bren_Mk1,Material,Soft From Unassigned Package? Best Guess: /6ga_training/Heelsum_6ga_training->/shiftingsands/Weapons/AUS/BrenMk1/Textures/Bren_Mk1,19207,None
0,/shiftingsands/Weapons/AUS/BrenMk1/Textures/BrenMkI__1__14_-_Default_001_BaseColor,Texture2D,Soft From Unassigned Package? Best Guess: /shiftingsands/Weapons/AUS/BrenMk1/Textures/BrenMkI__1__14_-_Default_001_BaseColor,11186283,None
0,/shiftingsands/Weapons/AUS/BrenMk1/Textures/BrenMkI__1__14_-_Default_001_Normal,Texture2D,Soft From Unassigned Package? Best Guess: /shiftingsands/Weapons/AUS/BrenMk1/Textures/BrenMkI__1__14_-_Default_001_Normal,22371420,None
0,/shiftingsands/Weapons/AUS/BrenMk1/Textures/BrenMkI__1__14_-_Default_001_OcclusionRoughnessMetallic,Texture2D,Soft From Unassigned Package? Best Guess: /shiftingsands/Weapons/AUS/BrenMk1/Textures/BrenMkI__1__14_-_Default_001_OcclusionRoughnessMetallic,11186377,None
